match_index,map,round_num,equipment_value_ct,equipment_value_t,cash_ct,cash_t,cash_spent_ct,cash_spent_t,first_kill_side,round_winner
1,de_mirage,1,3350,3450,1650,1550,2350,2450,CT,CT
1,de_mirage,2,13200,2500,8650,9650,11550,1900,CT,CT
1,de_mirage,3,24400,21400,11250,1350,17450,20700,T,T
1,de_mirage,4,14600,20700,6450,5650,14000,16850,T,T
1,de_mirage,5,9300,26050,9300,26050,9300,26050,T,T
1,de_mirage,6,16300,26050,5850,31750,39250,2150,CT,T
1,de_mirage,7,8400,28850,11300,25950,8750,41100,T,T
1,de_mirage,8,24700,29350,4900,31250,22600,12250,T,T
1,de_mirage,9,21300,31050,2150,41950,20300,6550,T,T
1,de_mirage,10,17050,30750,17050,30750,17050,30750,T,T
1,de_mirage,11,20950,24100,3950,60250,20250,31650,T,T
1,de_mirage,12,21750,23500,5700,55100,21050,40650,CT,CT
1,de_mirage,13,2950,3150,2950,3150,2950,3150,T,T
1,de_mirage,14,18400,3100,4000,9800,50650,31000,T,T
1,de_mirage,15,22650,18650,13950,2050,8450,37000,T,T
1,de_mirage,16,23300,14600,21050,4050,10950,15200,CT,CT
1,de_mirage,17,19600,19650,10050,13800,18600,11550,T,T
1,de_mirage,18,24000,20950,16200,3050,11900,19950,CT,T
1,de_mirage,19,22700,16050,13500,4850,22100,17350,CT,CT
1,de_mirage,20,18600,22700,18600,22700,18600,22700,T,T
1,de_mirage,21,25150,15450,10200,5650,66700,14450,CT,T
1,de_mirage,22,25350,17850,25350,17850,25350,17850,CT,CT
1,de_mirage,23,20300,27450,13200,29950,17100,65850,T,CT
2,de_mirage,1,3100,2350,1900,2650,2900,2050,CT,CT
2,de_mirage,2,17100,6950,4650,5800,18950,4300,CT,CT
2,de_mirage,3,25000,12100,12900,7700,7250,12400,T,CT
2,de_mirage,4,28550,10850,8600,11700,22750,16800,CT,CT
2,de_mirage,5,31000,16100,10600,1650,18000,6900,T,CT
2,de_mirage,6,32700,10700,32700,10700,32700,10700,CT,T
2,de_mirage,7,26300,20150,6550,6250,48000,13450,CT,CT
2,de_mirage,8,28300,9750,28300,9750,28300,9750,T,CT
2,de_mirage,9,29200,10650,19700,15500,12400,26700,CT,CT
2,de_mirage,10,31350,14000,31350,14000,31350,14000,CT,CT
2,de_mirage,11,32150,11450,32150,11450,32150,11450,CT,CT
2,de_mirage,12,22500,7400,22500,7400,22500,7400,T,CT
2,de_mirage,13,2850,4100,1750,500,50800,33750,T,CT
2,de_mirage,14,8550,17150,6950,5400,35350,19550,CT,CT
2,de_mirage,15,15650,27050,4300,14300,15050,7800,CT,CT
2,de_mirage,16,14600,21750,14600,21750,14600,21750,CT,T
2,de_mirage,17,22900,17850,23850,23250,18600,17650,T,T
3,de_mirage,1,2450,2300,2550,2700,3450,2650,T,T
3,de_mirage,2,7300,12900,4800,8450,6900,14050,T,T
3,de_mirage,3,17400,22050,2100,12000,17600,12000,T,CT
3,de_mirage,4,21150,12100,4250,8400,15650,4400,CT,CT
3,de_mirage,5,22300,10750,18200,7350,10250,18800,CT,CT
3,de_mirage,6,30250,12800,13650,8200,7150,14500,T,CT
3,de_mirage,7,30150,17800,15800,7200,18350,21800,CT,CT
3,de_mirage,8,28000,6300,11450,15300,33000,15800,CT,CT
3,de_mirage,9,28250,20650,20250,6050,15050,20950,CT,CT
3,de_mirage,10,34350,16400,26650,6450,9700,16900,T,T
3,de_mirage,11,27450,20400,8450,13650,26950,14900,CT,CT
3,de_mirage,12,25650,13400,12600,10100,16300,21800,CT,CT
3,de_mirage,13,3400,3800,3400,3800,3400,3800,CT,T
3,de_mirage,14,18900,9900,900,3050,17900,45200,CT,T
3,de_mirage,15,22050,14300,2100,3250,16550,15050,CT,CT
3,de_mirage,16,5150,23150,5350,8750,7200,15750,CT,CT
3,de_mirage,17,8450,18600,6050,11100,8050,18650,CT,CT
3,de_mirage,18,15950,26800,3500,14800,15150,12300,T,T
3,de_mirage,19,23250,27600,26650,11100,14750,22050,CT,T
4,de_mirage,1,1500,2900,3500,2100,1300,2850,CT,CT
4,de_mirage,2,16100,1000,16100,1000,16100,1000,CT,CT
4,de_mirage,3,27200,20650,8350,2050,15200,21650,T,T
4,de_mirage,4,22600,21000,4050,1050,13300,20000,CT,T
4,de_mirage,5,9000,17600,7150,10550,8900,9550,CT,T
4,de_mirage,6,12600,21600,5300,10050,450,17250,CT,T
4,de_mirage,7,13550,20600,5650,16400,14450,11400,CT,T
4,de_mirage,8,12800,20700,11850,17600,21000,18950,T,T
4,de_mirage,9,17700,22800,5050,17650,17100,15000,T,T
4,de_mirage,10,21650,17650,3200,24400,21650,18000,CT,CT
4,de_mirage,11,24450,16150,7150,15100,13850,17800,CT,T
4,de_mirage,12,18400,21100,6950,4300,20800,20700,CT,CT
4,de_mirage,13,1450,4100,1450,4100,1450,4100,CT,CT
4,de_mirage,14,3300,18850,6750,2950,45400,16400,T,CT
4,de_mirage,15,20200,20150,1850,10050,58600,11650,CT,CT
4,de_mirage,16,10250,27500,8400,11400,9650,18600,CT,CT
4,de_mirage,17,23900,29650,23900,29650,23900,29650,T,T
4,de_mirage,18,21650,30650,26900,27850,9500,108400,CT,CT
5,de_dust2,1,3750,2050,1250,2950,2750,2500,CT,CT
5,de_dust2,2,17450,3200,5250,9100,15000,1300,CT,CT
5,de_dust2,3,20950,18800,21450,3000,4000,19000,T,T
5,de_dust2,4,20450,18800,10100,12900,19450,6800,CT,CT
5,de_dust2,5,25100,14850,23950,4950,5150,18500,T,CT
5,de_dust2,6,24850,14900,31600,3950,2400,13900,CT,CT
5,de_dust2,7,25050,19000,36900,1350,22950,18000,CT,CT
5,de_dust2,8,24650,18900,43050,1050,13650,17900,CT,T
5,de_dust2,9,27250,16100,24650,11600,26250,10400,CT,CT
5,de_dust2,10,26800,20200,32450,4300,10600,19700,T,CT
5,de_dust2,11,25750,19000,38650,4900,15650,20600,CT,T
5,de_dust2,12,32500,20750,15050,5150,33000,16700,CT,CT
5,de_dust2,13,3700,3550,3700,3550,3700,3550,CT,CT
5,de_dust2,14,8050,16900,6850,6500,7450,51900,CT,T
5,de_dust2,15,17750,7100,9700,5650,16750,10350,CT,T
5,de_dust2,16,22450,8850,14500,5000,13250,8350,T,T
5,de_dust2,17,25000,17650,25000,17650,25000,17650,T,T
6,de_mirage,1,2950,2300,2050,2700,1950,1300,T,T
6,de_mirage,2,6450,3950,7250,14000,7550,3050,CT,CT
6,de_mirage,3,24650,9350,5100,15600,19200,14300,T,CT
6,de_mirage,4,22400,16500,5900,9000,16900,17400,T,T
6,de_mirage,5,11350,16500,7500,10300,15200,14000,T,T
6,de_mirage,6,8650,19200,8650,19200,8650,19200,T,T
6,de_mirage,7,12850,22350,5750,28700,27850,9800,T,T
6,de_mirage,8,11650,27300,11650,27300,11650,27300,T,T
6,de_mirage,9,17100,29900,6250,43150,17850,27700,CT,T
6,de_mirage,10,17950,31150,7150,37000,16950,24400,CT,CT
6,de_mirage,11,25600,26850,13700,22050,11900,20750,CT,T
6,de_mirage,12,24800,23250,6050,25950,23800,14150,CT,T
6,de_mirage,13,3900,2850,3900,2850,3900,2850,CT,CT
6,de_mirage,14,4000,16850,4000,16850,4000,16850,CT,CT
6,de_mirage,15,20700,27300,2850,8950,55300,16400,CT,CT
6,de_mirage,16,18350,28600,17300,34850,17350,10250,CT,CT
7,de_mirage,1,2450,2400,2050,2600,1150,1400,CT,CT
7,de_mirage,2,3700,4000,14650,9500,3100,1800,T,T
7,de_mirage,3,14400,15650,11450,14300,14500,18450,CT,CT
7,de_mirage,4,25600,5500,21600,12200,9650,1950,T,CT
7,de_mirage,5,27950,5050,23500,16050,20200,17200,CT,CT
7,de_mirage,6,24250,10500,35150,12450,8550,16850,CT,T
7,de_mirage,7,23800,24650,23800,24650,23800,24650,T,CT
7,de_mirage,8,29450,9900,25250,14050,14300,26750,CT,CT
7,de_mirage,9,23650,15850,36800,4750,8650,17900,CT,CT
7,de_mirage,10,28250,13250,40900,4850,13250,14300,T,CT
7,de_mirage,11,25650,15450,38900,6850,17000,17750,T,T
7,de_mirage,12,23750,18150,23750,18150,23750,18150,CT,CT
7,de_mirage,13,1700,2300,1700,2300,1700,2300,CT,CT
7,de_mirage,14,6000,20100,6850,2900,65450,76450,CT,CT
7,de_mirage,15,12500,20200,7550,6450,12550,18650,CT,CT
7,de_mirage,16,16300,24400,16300,24400,16300,24400,T,T
7,de_mirage,17,18850,3300,20300,14100,9450,50000,T,T
7,de_mirage,18,26150,13650,26150,13650,26150,13650,T,CT
7,de_mirage,19,20950,23200,7650,7050,20150,62400,CT,CT
7,de_mirage,20,13800,19700,7850,7350,14750,19800,T,CT
7,de_mirage,21,15500,27850,10100,14000,15750,11700,T,CT
7,de_mirage,22,23150,24250,4800,17900,22150,14800,CT,T
7,de_mirage,23,27250,23800,28350,13650,12350,22450,T,T
8,de_mirage,1,3250,2400,1750,2600,3700,1700,CT,T
8,de_mirage,2,2350,16450,2350,16450,2350,16450,T,T
8,de_mirage,3,22850,21850,1700,9350,23450,11000,CT,CT
8,de_mirage,4,27250,16000,8200,5250,14050,15000,CT,CT
8,de_mirage,5,21950,9250,7750,7900,21750,8850,CT,CT
8,de_mirage,6,28950,16950,16550,4350,8000,18650,T,T
8,de_mirage,7,24150,18750,8150,13200,18850,11650,T,T
8,de_mirage,8,3950,22150,12850,17500,3550,9550,T,CT
8,de_mirage,9,29250,18450,10900,11550,24200,19600,CT,CT
8,de_mirage,10,30550,8000,11100,12800,17100,12100,CT,CT
8,de_mirage,11,29450,16650,17500,4650,13200,16050,CT,CT
8,de_mirage,12,32100,19750,32100,19750,32100,19750,CT,CT
8,de_mirage,13,3600,2500,3600,2500,3600,2500,T,T
8,de_mirage,14,18050,7950,2650,6950,17050,8800,T,T
8,de_mirage,15,22250,19300,2800,2100,18200,49250,T,T
8,de_mirage,16,21000,13700,7000,5550,13850,17000,T,CT
8,de_mirage,17,7600,18050,7600,18050,7600,18050,T,T
8,de_mirage,18,23550,27400,21850,16750,67650,23000,CT,T
9,de_dust2,1,3750,2600,1250,2400,2750,2300,T,T
9,de_dust2,2,6700,16900,5950,4350,5550,15100,T,T
9,de_dust2,3,18550,22350,2400,13500,18600,11650,T,CT
9,de_dust2,4,22750,17100,6850,8600,14250,18000,T,T
9,de_dust2,5,14700,21400,3300,17650,13900,7400,T,CT
9,de_dust2,6,22450,17950,4650,8900,17350,18150,T,CT
9,de_dust2,7,25500,16700,8400,5400,16800,17150,T,CT
9,de_dust2,8,28700,12650,16950,4800,10450,11850,CT,T
9,de_dust2,9,21600,21350,21600,21350,21600,21350,CT,T
9,de_dust2,10,16450,22500,4150,14600,39950,5350,CT,CT
9,de_dust2,11,27700,19650,10600,4900,11750,18900,CT,CT
9,de_dust2,12,28550,12200,13950,2950,15650,11100,CT,CT
9,de_dust2,13,4150,3600,4150,3600,4150,3600,CT,T
9,de_dust2,14,19200,11450,2550,2000,17050,44400,T,T
9,de_dust2,15,20650,14800,5750,2400,16600,15500,CT,T
9,de_dust2,16,20400,15450,13250,1850,10550,14450,CT,CT
9,de_dust2,17,21350,22450,4200,5400,20350,15300,CT,T
9,de_dust2,18,23900,17300,7950,4450,14300,19000,CT,T
9,de_dust2,19,22850,5100,14200,13250,11500,15800,T,CT
9,de_dust2,20,14200,21400,14200,21400,14200,21400,CT,CT
9,de_dust2,21,11050,24900,4550,17400,9450,59800,CT,CT
9,de_dust2,22,11900,27900,29850,30300,5950,13500,T,T
10,de_mirage,1,2250,1600,2550,3200,1450,2750,T,T
10,de_mirage,2,2500,15150,12000,6100,2000,13700,CT,CT
10,de_mirage,3,19200,9100,19200,9100,19200,9100,CT,CT
10,de_mirage,4,17600,16850,22900,8050,15450,28400,T,T
10,de_mirage,5,4950,24950,22100,10950,9450,11850,CT,CT
10,de_mirage,6,23950,11500,12450,7050,26250,50,CT,CT
10,de_mirage,7,28000,16500,10100,5600,18400,7350,CT,CT
10,de_mirage,8,28400,16750,28400,16750,28400,16750,T,T
10,de_mirage,9,20800,18700,18000,12500,3250,11400,CT,T
10,de_mirage,10,22600,24400,10250,11850,41500,16350,CT,CT
10,de_mirage,11,18200,18350,18200,18350,18200,18350,CT,T
10,de_mirage,12,14250,16450,7000,7550,16450,19850,CT,CT
10,de_mirage,13,2700,3950,1300,850,1900,3150,T,CT
10,de_mirage,14,1000,17850,1000,17850,1000,17850,CT,T
10,de_mirage,15,17450,7300,17450,7300,17450,7300,T,CT
10,de_mirage,16,10600,23400,10950,7550,18250,49350,T,T
10,de_mirage,17,21750,11450,18300,3900,4000,11650,CT,CT
10,de_mirage,18,22100,20100,14000,2500,11500,18550,T,CT
10,de_mirage,19,19950,19500,7050,5750,19350,17000,CT,T
10,de_mirage,20,21650,11850,13700,800,12050,11050,T,T
10,de_mirage,21,16900,12800,16900,12800,16900,12800,CT,CT
10,de_mirage,22,11500,24900,19600,16200,74300,3500,CT,CT
10,de_mirage,23,13950,30550,13950,30550,13950,30550,T,CT
10,de_mirage,24,21400,28550,16150,41500,83700,17700,CT,CT
11,de_mirage,1,4550,2600,450,2400,3550,1600,CT,CT
11,de_mirage,2,16300,6350,3900,6450,15300,6950,T,CT
11,de_mirage,3,23550,10450,9350,7800,11600,11050,T,T
11,de_mirage,4,11950,19700,6400,14250,5350,10500,T,T
11,de_mirage,5,14200,24550,2050,14600,20250,17500,T,T
11,de_mirage,6,11550,20150,5900,23800,12950,13250,CT,T
11,de_mirage,7,11950,26050,5950,25850,13850,10600,T,CT
11,de_mirage,8,22400,24550,7900,15700,13750,17350,CT,CT
11,de_mirage,9,28450,17200,19700,8600,5300,16900,CT,CT
11,de_mirage,10,27150,16600,16850,5600,20600,16300,CT,CT
11,de_mirage,11,23750,14500,21300,6600,16000,18100,T,CT
11,de_mirage,12,28400,21500,20600,2500,16700,20900,CT,CT
11,de_mirage,13,4300,2800,4300,2800,4300,2800,CT,T
11,de_mirage,14,17800,10250,2900,3200,17300,75850,CT,CT
11,de_mirage,15,11400,16350,11400,16350,11400,16350,CT,CT
11,de_mirage,16,6700,21600,8300,19350,43950,5950,CT,CT
11,de_mirage,17,16600,23600,1700,23500,16200,17950,T,T
11,de_mirage,18,22950,11650,6150,16200,12900,16250,CT,CT
11,de_mirage,19,11100,26550,11100,26550,11100,26550,CT,CT
11,de_mirage,20,14550,28100,14550,28100,14550,28100,T,CT
11,de_mirage,21,15500,29300,2750,23550,16100,64850,CT,T
11,de_mirage,22,18550,23450,4350,9300,14550,22450,T,T
11,de_mirage,23,22150,19450,32700,14250,7450,18650,CT,T
12,de_mirage,1,3250,2400,1750,2400,2250,1600,T,CT
12,de_mirage,2,4900,12600,18150,4300,9400,12000,CT,CT
12,de_mirage,3,17900,13700,23650,3300,12100,13100,T,CT
12,de_mirage,4,21900,13550,31600,5350,5550,12750,CT,CT
12,de_mirage,5,19500,19100,45450,5150,10000,18100,CT,CT
12,de_mirage,6,26700,12150,45550,11400,13350,12850,CT,CT
12,de_mirage,7,26700,17150,26700,17150,26700,17150,T,CT
12,de_mirage,8,25550,17500,62450,6550,14300,16700,CT,CT
12,de_mirage,9,28850,18950,63700,5900,6800,17950,CT,CT
12,de_mirage,10,29150,18150,65700,6050,8750,17150,CT,CT
12,de_mirage,11,29750,15900,29750,15900,29750,15900,CT,CT
12,de_mirage,12,31050,17850,52250,7200,48000,16850,CT,CT
12,de_mirage,13,3650,3350,3650,3350,3650,3350,T,T
13,de_mirage,1,2300,1750,2700,3050,2100,950,CT,CT
13,de_mirage,2,18350,4050,2950,9100,17000,3350,CT,CT
13,de_mirage,3,20650,17450,15600,5050,6700,16450,CT,CT
13,de_mirage,4,27100,18300,15000,3150,17650,17300,CT,CT
13,de_mirage,5,21800,17100,21650,4750,15850,17100,T,T
13,de_mirage,6,6250,20350,19350,9900,14600,850,T,T
13,de_mirage,7,10150,19950,10950,22550,15600,9300,CT,T
13,de_mirage,8,13700,16850,5200,21200,12900,35000,CT,CT
13,de_mirage,9,24200,16700,13150,7700,11000,20100,CT,CT
13,de_mirage,10,23050,17400,20300,2900,12950,16400,CT,CT
13,de_mirage,11,28750,11650,28300,7050,10350,11350,T,CT
13,de_mirage,12,32700,18700,32700,18700,32700,18700,CT,CT
13,de_mirage,13,2850,1000,2850,1000,2850,1000,T,T
13,de_mirage,14,12150,9650,8750,5400,43650,138600,CT,T
13,de_mirage,15,13100,13850,13100,13850,13100,13850,CT,CT
13,de_mirage,16,8950,24400,9600,11500,44300,12250,CT,T
13,de_mirage,17,18100,13750,16250,9150,12800,19400,T,CT
13,de_mirage,18,13350,25000,7400,12000,14600,8550,CT,CT
13,de_mirage,19,8300,24400,8300,24400,8300,24400,CT,CT
13,de_mirage,20,13150,26350,23750,45750,9950,100800,T,T
14,de_mirage,1,3300,2800,1700,2000,2300,2300,T,CT
14,de_mirage,2,18150,11200,4250,5500,18000,13000,T,T
14,de_mirage,3,6350,20700,4850,15250,1950,2400,CT,CT
14,de_mirage,4,23350,17950,7950,5900,20300,22650,T,T
14,de_mirage,5,6800,25250,7100,7800,9300,13650,T,T
14,de_mirage,6,10950,25850,4550,17100,11150,9600,T,T
14,de_mirage,7,11550,19650,4600,29000,12250,8550,T,T
14,de_mirage,8,15000,25950,15000,25950,15000,25950,CT,CT
14,de_mirage,9,28900,26150,12400,20300,10250,43600,CT,CT
14,de_mirage,10,26950,18800,10200,20100,20800,16300,CT,T
14,de_mirage,11,18050,24650,3350,21550,17050,13800,CT,CT
14,de_mirage,12,14850,22100,14850,22100,14850,22100,T,T
14,de_mirage,13,3150,3200,3150,3200,3150,3200,T,T
14,de_mirage,14,16150,10700,5650,1500,14200,42050,CT,T
14,de_mirage,15,20150,13900,4650,2400,19150,13100,T,CT
14,de_mirage,16,7550,22300,4900,9500,7350,10750,CT,CT
14,de_mirage,17,12900,26900,2400,19050,12300,9400,T,T
14,de_mirage,18,22150,24100,5900,3650,14550,23300,T,T
14,de_mirage,19,24700,11950,14050,2400,10300,11150,CT,T
14,de_mirage,20,23900,14800,8600,1800,22900,13800,CT,T
14,de_mirage,21,26000,11150,26000,11150,26000,11150,T,T
14,de_mirage,22,27450,17800,30050,3850,59850,20300,CT,CT
14,de_mirage,23,27450,26550,28350,21350,26450,12250,CT,T
15,de_dust2,1,2150,3450,2650,1350,2650,3300,CT,CT
15,de_dust2,2,17000,3950,5650,11250,17150,3500,T,CT
15,de_dust2,3,25400,13200,11400,10650,9850,20400,T,T
15,de_dust2,4,14100,22000,8600,17000,16000,5450,T,T
15,de_dust2,5,14400,22000,10400,23900,5750,6200,CT,CT
15,de_dust2,6,23900,18050,7550,14050,18550,21350,CT,CT
15,de_dust2,7,31650,17850,31650,17850,31650,17850,T,CT
15,de_dust2,8,24300,13300,14650,5700,35700,16300,T,CT
15,de_dust2,9,26100,11300,7750,7100,20700,13600,CT,T
15,de_dust2,10,7700,21150,7700,21150,7700,21150,CT,T
15,de_dust2,11,14850,23500,2500,18350,14050,33100,CT,T
15,de_dust2,12,16150,29800,250,14900,15150,23600,CT,T
15,de_dust2,13,3750,3600,3750,3600,3750,3600,CT,CT
15,de_dust2,14,5700,13650,6550,5850,5400,14150,CT,CT
15,de_dust2,15,17850,20650,500,13250,49700,10550,CT,T
15,de_dust2,16,22750,4700,11250,16300,7800,14600,T,T
15,de_dust2,17,24900,12700,14100,5850,14700,12750,CT,T
15,de_dust2,18,26350,16000,7150,10200,25850,7400,T,T
15,de_dust2,19,24000,22900,24000,22900,24000,22900,T,T
15,de_dust2,20,25000,20550,29000,5600,51950,19750,CT,CT
15,de_dust2,21,23600,26500,14300,7950,22600,16000,CT,CT
15,de_dust2,22,19650,24050,19650,24050,19650,24050,T,T
15,de_dust2,23,27850,27400,26550,20900,14500,75400,T,T
16,de_dust2,1,2950,3000,2050,2000,2600,2000,CT,CT
16,de_dust2,2,17700,3850,3800,13150,16900,9100,CT,CT
16,de_dust2,3,22350,15500,6000,5050,17350,16350,CT,CT
16,de_dust2,4,22700,12850,11650,7600,11700,15800,CT,CT
16,de_dust2,5,26400,12650,26300,9000,3400,6350,CT,T
16,de_dust2,6,20700,20550,13800,11850,24650,23800,CT,T
16,de_dust2,7,15100,16950,4550,19250,15100,7350,CT,T
16,de_dust2,8,7600,17400,9750,30600,11100,11100,T,T
16,de_dust2,9,19100,23750,2450,32000,18400,12550,T,T
16,de_dust2,10,13600,25450,6250,43150,13700,6600,CT,CT
16,de_dust2,11,26150,18900,26150,18900,26150,18900,T,T
16,de_dust2,12,21650,27450,5400,19750,51050,52850,CT,T
16,de_dust2,13,4250,3100,4250,3100,4250,3100,T,CT
16,de_dust2,14,7850,14200,3600,6900,8050,43200,T,CT
16,de_dust2,15,14300,22000,6300,6100,16100,17900,CT,CT
16,de_dust2,16,15600,18700,5200,11150,17400,17700,CT,T
16,de_dust2,17,19600,7750,9750,7300,11400,9550,T,T
16,de_dust2,18,25550,8100,25550,8100,25550,8100,T,CT
16,de_dust2,19,17100,22750,17100,22750,17100,22750,T,CT
16,de_dust2,20,14000,26750,9250,16100,20800,59050,CT,T
16,de_dust2,21,19800,6650,11450,17850,11250,14750,T,T
16,de_dust2,22,23000,3700,23000,3700,23000,3700,T,T
16,de_dust2,23,26750,17300,30850,6050,67500,66950,T,T
16,de_dust2,24,27250,17950,27250,17950,27250,17950,CT,CT
17,de_mirage,1,3300,2000,2350,2800,2350,1200,CT,CT
17,de_mirage,2,12600,5200,9400,8800,16700,5500,CT,T
17,de_mirage,3,3700,22300,3700,22300,3700,22300,T,T
17,de_mirage,4,3800,20300,9450,14950,3300,7600,CT,CT
17,de_mirage,5,18800,16800,15250,11050,17600,18650,CT,CT
17,de_mirage,6,18400,17450,23750,6650,2100,15950,T,T
17,de_mirage,7,19550,19350,15200,17400,27950,8150,CT,CT
17,de_mirage,8,23050,19950,24850,8400,9750,19850,CT,CT
17,de_mirage,9,26300,11550,26300,11550,26300,11550,T,T
17,de_mirage,10,24150,25700,19300,11550,18700,32500,T,T
17,de_mirage,11,18550,23300,18550,23300,18550,23300,T,T
17,de_mirage,12,19100,25200,4650,14100,20700,49700,CT,CT
17,de_mirage,13,2100,2250,2100,2250,2100,2250,T,T
17,de_mirage,14,14100,5800,3450,5450,51450,11500,T,T
17,de_mirage,15,20500,11900,8400,4150,9650,71950,T,T
17,de_mirage,16,18700,15800,18700,15800,18700,15800,CT,CT
17,de_mirage,17,6700,20950,11300,14650,61150,8550,T,T
17,de_mirage,18,21050,21150,2150,7800,20250,20350,T,T
17,de_mirage,19,20800,15550,9900,7850,10550,18650,T,T
17,de_mirage,20,22000,20550,16650,1600,11850,19750,T,CT
17,de_mirage,21,19700,23300,28800,20300,12450,13850,T,T
18,de_mirage,1,3100,2200,1700,2800,2600,1400,CT,CT
18,de_mirage,2,11150,2450,9950,10650,15050,2350,CT,CT
18,de_mirage,3,12550,19850,17400,3500,500,19050,T,T
18,de_mirage,4,24750,22400,950,14600,28000,7950,T,CT
18,de_mirage,5,22800,9600,22800,9600,22800,9600,T,T
18,de_mirage,6,15700,23650,3600,16500,24500,11100,T,T
18,de_mirage,7,4750,26650,4750,26650,4750,26650,T,T
18,de_mirage,8,16900,28000,1450,22200,30050,16700,CT,CT
18,de_mirage,9,23050,18850,9550,11750,10400,19550,CT,CT
18,de_mirage,10,21500,16600,16650,4350,11600,18500,CT,CT
18,de_mirage,11,23950,7450,24800,7100,9150,6900,CT,CT
18,de_mirage,12,22550,22050,22550,22050,22550,22050,T,CT
18,de_mirage,13,2200,2750,2200,2750,2200,2750,T,CT
18,de_mirage,14,3300,15600,11200,7100,34850,77250,T,T
18,de_mirage,15,19700,6900,19700,6900,19700,6900,T,T
18,de_mirage,16,20600,6750,31500,8700,7000,41250,T,T
18,de_mirage,17,21200,17750,21200,17750,21200,17750,CT,T
18,de_mirage,18,22400,19200,37850,250,51900,18200,T,CT
18,de_mirage,19,22400,23000,42850,15500,23000,15750,T,T
19,de_inferno,1,3000,2350,2000,2650,2650,2500,T,T
19,de_inferno,2,5900,6450,6550,15400,4250,14550,CT,T
19,de_inferno,3,17000,18050,3750,13950,16650,10600,CT,T
19,de_inferno,4,7800,20500,11350,26400,10650,2050,T,T
19,de_inferno,5,23400,22250,3400,35700,22400,13500,T,CT
19,de_inferno,6,23750,24000,7150,21000,14000,23200,CT,CT
19,de_inferno,7,25100,14150,4000,18150,18300,15950,CT,CT
19,de_inferno,8,27200,10250,16050,18400,8200,15600,T,CT
19,de_inferno,9,30750,17250,30750,17250,30750,17250,CT,T
19,de_inferno,10,23200,15650,6900,19250,42900,13300,T,CT
19,de_inferno,11,29850,7050,14350,22050,9900,16650,CT,CT
19,de_inferno,12,29500,19950,16900,6950,18300,21900,T,CT
19,de_inferno,13,4100,2650,4100,2650,4100,2650,CT,CT
19,de_inferno,14,2700,16750,2700,16750,2700,16750,CT,CT
19,de_inferno,15,20250,19500,1750,10850,148800,10200,CT,CT
19,de_inferno,16,11550,18650,5600,20450,13350,12250,CT,CT
19,de_inferno,17,13950,25450,7450,18450,19200,16850,T,CT
19,de_inferno,18,14100,26800,6700,23300,18150,16450,CT,T
19,de_inferno,19,21350,18150,3850,9900,16150,18350,T,T
19,de_inferno,20,26650,14850,12400,7200,12350,15300,T,T
19,de_inferno,21,27850,6850,24600,9850,5050,6750,T,T
19,de_inferno,22,29600,20150,27900,9650,15400,18600,T,T
19,de_inferno,23,27650,11350,24850,14700,20500,23050,CT,CT
19,de_inferno,24,27050,25650,13900,20200,28950,18300,CT,CT
20,de_mirage,1,3250,1650,1150,3350,2850,650,CT,T
20,de_mirage,2,3000,13550,9150,10300,2400,12050,T,T
20,de_mirage,3,11100,18850,10250,18900,14400,14200,T,T
20,de_mirage,4,17700,20700,5550,22650,16900,11150,CT,CT
20,de_mirage,5,24050,7100,7150,19250,16150,4150,CT,CT
20,de_mirage,6,28150,7500,12750,20500,13700,21950,CT,CT
20,de_mirage,7,28350,20450,19400,10200,11100,21450,CT,CT
20,de_mirage,8,28200,15400,16950,18500,22450,13300,CT,CT
20,de_mirage,9,34550,18800,34550,18800,34550,18800,CT,CT
20,de_mirage,10,30150,14400,34650,14500,12800,17100,CT,CT
20,de_mirage,11,33750,17800,33750,17800,33750,17800,CT,CT
20,de_mirage,12,34550,25600,34550,25600,34550,25600,T,T
20,de_mirage,13,3450,1650,3450,1650,3450,1650,CT,CT
20,de_mirage,14,4000,4500,4000,4500,4000,4500,T,T
20,de_mirage,15,22050,7800,7200,15750,55950,86600,T,CT
20,de_mirage,16,7800,19050,11400,11100,8100,15200,CT,CT
20,de_mirage,17,9400,22350,9400,22350,9400,22350,CT,T
20,de_mirage,18,19600,23450,8750,17000,15200,59950,T,T
20,de_mirage,19,21300,16000,8850,16850,19300,54250,T,T
20,de_mirage,20,26850,23350,31400,19500,12150,21950,CT,T
21,de_mirage,1,1000,2900,4000,1900,0,2100,T,T
21,de_mirage,2,6050,9650,8850,12150,7250,8500,T,T
21,de_mirage,3,19850,22750,5350,11150,16200,19600,T,CT
21,de_mirage,4,22100,17450,14750,6450,10250,4450,CT,CT
21,de_mirage,5,18400,17250,20650,4600,19900,23000,T,T
21,de_mirage,6,6700,23100,6700,23100,6700,23100,T,T
21,de_mirage,7,16100,25950,6350,23350,23700,8800,CT,CT
21,de_mirage,8,18000,18950,12800,13400,35150,18150,T,T
21,de_mirage,9,9700,21400,9700,21400,9700,21400,CT,CT
21,de_mirage,10,22950,15600,12600,10650,3800,15300,CT,T
21,de_mirage,11,14800,22650,6200,11600,16800,14300,CT,T
21,de_mirage,12,14400,30300,2450,11650,39500,20200,T,T
21,de_mirage,13,1700,3500,1700,3500,1700,3500,CT,CT
21,de_mirage,14,3250,13400,10650,8250,63400,43400,T,CT
21,de_mirage,15,21000,20000,5650,15850,48900,16650,CT,CT
21,de_mirage,16,11000,26600,11000,26600,11000,26600,CT,CT
21,de_mirage,17,22400,28150,18650,46150,19500,52650,CT,CT
