match_index,col_0,col_1,col_10,col_11,col_12,col_13,col_14,col_15,col_16,col_17,col_18,col_19,col_2,col_20,col_21,col_22,col_23,col_24,col_25,col_26,col_27,col_28,col_29,col_3,col_30,col_31,col_32,col_33,col_34,col_35,col_36,col_37,col_38,col_39,col_4,col_40,col_41,col_42,col_43,col_44,col_5,col_6,col_7,col_8,col_9
1,,UTILITY,,,,,,,,,,,FIRST KILL,,,,,,,,,,,TRADES,,,,,,,,,,,1VX,,,,,,MULTIKILLS,,,,
1,,,ADR,HS%,KAST,Rating,EF,,,,FKD,,,,,,,,K,,,,,,,,,1vX,,,,,,3k+,,,,,,,K,D,A,+/-,K/D
1,"Team 1
13
4
9",,,,,,,,,,,,,,,,,,,,,,,,,,,,,,,,,,,,,,,,,,,,
1,,bat9,113,59%,82.6%,1.75,17,,,,3,,,,,,,,3,,,,,,,,,1,,,,,,4,,,,,,,27,14,5,13,1.90
1,,ISSA,101.8,21%,73.9%,1.55,2,,,,1,,,,,,,,4,,,,,,,,,0,,,,,,4,,,,,,,24,13,3,11,1.80
1,,𝙖𝙩𝙤𝙢𝙙𝙮𝙦,69.4,29%,78.3%,1.11,1,,,,1,,,,,,,,4,,,,,,,,,1,,,,,,1,,,,,,,14,13,6,1,1.10
1,,ticky,67,21%,65.2%,0.89,0,,,,-2,,,,,,,,2,,,,,,,,,0,,,,,,1,,,,,,,14,18,6,-4,0.80
1,,Xuxu,49.8,80%,65.2%,0.48,0,,,,0,,,,,,,,0,,,,,,,,,0,,,,,,0,,,,,,,5,19,7,-14,0.30
1,"Team 2
10
3
7",,,,,,,,,,,,,,,,,,,,,,,,,,,,,,,,,,,,,,,,,,,,
1,,volg zangief,80.2,45%,73.9%,1.31,17,,,,0,,,,,,,,3,,,,,,,,,0,,,,,,1,,,,,,,20,14,4,6,1.40
1,,AZ,77.8,28%,69.6%,1.12,1,,,,-2,,,,,,,,3,,,,,,,,,1,,,,,,1,,,,,,,18,17,2,1,1.10
1,,zeus13ll,83.3,43%,60.9%,0.93,1,,,,1,,,,,,,,1,,,,,,,,,0,,,,,,0,,,,,,,14,18,9,-4,0.80
1,,OBRERO VIEJO NOMA,72.4,69%,60.9%,0.85,5,,,,1,,,,,,,,1,,,,,,,,,0,,,,,,1,,,,,,,13,18,9,-5,0.70
1,,BAULETTI,66.7,40%,60.9%,0.74,4,,,,-3,,,,,,,,3,,,,,,,,,0,,,,,,1,,,,,,,10,17,7,-7,0.60
2,,UTILITY,,,,,,,,,,,FIRST KILL,,,,,,,,,,,TRADES,,,,,,,,,,,1VX,,,,,,MULTIKILLS,,,,
2,,,ADR,HS%,KAST,Rating,EF,,,,FKD,,,,,,,,K,,,,,,,,,1vX,,,,,,3k+,,,,,,,K,D,A,+/-,K/D
2,"Team 1
4
3
1",,,,,,,,,,,,,,,,,,,,,,,,,,,,,,,,,,,,,,,,,,,,
2,,GIACOMINO GUARDIANNO,101.8,25%,70.6%,1.33,1,,,,0,,,,,,,,3,,,,,,,,,0,,,,,,2,,,,,,,16,13,3,3,1.20
2,,El Papu Faker,82.9,42%,76.5%,1.09,3,,,,0,,,,,,,,2,,,,,,,,,1,,,,,,0,,,,,,,12,14,4,-2,0.90
2,,3dfx_Emilio,45.5,25%,47.1%,0.47,3,,,,-2,,,,,,,,1,,,,,,,,,0,,,,,,0,,,,,,,8,16,1,-8,0.50
2,,ok,46.7,40%,41.2%,0.33,0,,,,0,,,,,,,,0,,,,,,,,,1,,,,,,1,,,,,,,5,15,6,-10,0.30
2,,sebamurdocca,35.8,40%,35.3%,0.20,2,,,,-3,,,,,,,,2,,,,,,,,,0,,,,,,0,,,,,,,5,16,1,-11,0.30
2,"Team 2
13
11
2",,,,,,,,,,,,,,,,,,,,,,,,,,,,,,,,,,,,,,,,,,,,
2,,ebanibomj,167.6,21%,76.5%,2.38,8,,,,5,,,,,,,,2,,,,,,,,,1,,,,,,4,,,,,,,29,9,4,20,3.20
2,,OEPUCON,92.8,54%,94.1%,1.47,13,,,,0,,,,,,,,2,,,,,,,,,1,,,,,,0,,,,,,,13,9,6,4,1.40
2,,Pikatiolli One-Tap ︻芫=一,71.6,73%,76.5%,1.10,3,,,,0,,,,,,,,0,,,,,,,,,0,,,,,,1,,,,,,,11,11,5,0,1.00
2,,𝙖𝙩𝙤𝙢𝙙𝙮𝙦,53.2,18%,76.5%,1.05,1,,,,2,,,,,,,,1,,,,,,,,,1,,,,,,0,,,,,,,11,10,2,1,1.10
2,,ISSA,44.4,43%,82.4%,0.93,1,,,,-2,,,,,,,,0,,,,,,,,,0,,,,,,0,,,,,,,7,8,3,-1,0.90
3,,UTILITY,,,,,,,,,,,FIRST KILL,,,,,,,,,,,TRADES,,,,,,,,,,,1VX,,,,,,MULTIKILLS,,,,
3,,,ADR,HS%,KAST,Rating,EF,,,,FKD,,,,,,,,K,,,,,,,,,1vX,,,,,,3k+,,,,,,,K,D,A,+/-,K/D
3,"Team 1
6
3
3",,,,,,,,,,,,,,,,,,,,,,,,,,,,,,,,,,,,,,,,,,,,
3,,Lichø,88.1,37%,78.9%,1.39,0,,,,0,,,,,,,,3,,,,,,,,,1,,,,,,0,,,,,,,19,15,4,4,1.30
3,,Solotov,83.1,67%,73.7%,1.07,10,,,,3,,,,,,,,3,,,,,,,,,0,,,,,,1,,,,,,,15,18,3,-3,0.80
3,,BALUDAO_K7,70.9,50%,52.6%,0.81,5,,,,0,,,,,,,,1,,,,,,,,,0,,,,,,1,,,,,,,12,15,2,-3,0.80
3,,Sch4ff,69.6,20%,68.4%,0.80,17,,,,0,,,,,,,,1,,,,,,,,,0,,,,,,0,,,,,,,10,17,6,-7,0.60
3,,tadas,64.9,60%,57.9%,0.69,7,,,,0,,,,,,,,0,,,,,,,,,0,,,,,,1,,,,,,,10,17,3,-7,0.60
3,"Team 2
13
9
4",,,,,,,,,,,,,,,,,,,,,,,,,,,,,,,,,,,,,,,,,,,,
3,,ebanibomj,151.7,42%,94.7%,2.41,0,,,,-2,,,,,,,,2,,,,,,,,,2,,,,,,3,,,,,,,31,10,5,21,3.10
3,,ISSA,112.4,52%,89.5%,1.76,4,,,,0,,,,,,,,5,,,,,,,,,0,,,,,,2,,,,,,,21,11,6,10,1.90
3,,𝙖𝙩𝙤𝙢𝙙𝙮𝙦,68,31%,68.4%,0.98,0,,,,-2,,,,,,,,4,,,,,,,,,0,,,,,,1,,,,,,,13,15,4,-2,0.90
3,,Pikatiolli One-Tap ︻芫=一,61.9,100%,52.6%,0.77,5,,,,1,,,,,,,,2,,,,,,,,,1,,,,,,0,,,,,,,11,14,3,-3,0.80
3,,CptManaoS,41.4,80%,57.9%,0.42,8,,,,0,,,,,,,,0,,,,,,,,,0,,,,,,0,,,,,,,5,16,4,-11,0.30
4,,UTILITY,,,,,,,,,,,FIRST KILL,,,,,,,,,,,TRADES,,,,,,,,,,,1VX,,,,,,MULTIKILLS,,,,
4,,,ADR,HS%,KAST,Rating,EF,,,,FKD,,,,,,,,K,,,,,,,,,1vX,,,,,,3k+,,,,,,,K,D,A,+/-,K/D
4,"Team 1
13
5
8",,,,,,,,,,,,,,,,,,,,,,,,,,,,,,,,,,,,,,,,,,,,
4,,NTG Морайс,102.1,44%,77.8%,1.51,4,,,,0,,,,,,,,1,,,,,,,,,0,,,,,,1,,,,,,,18,11,2,7,1.60
4,,_ungido,57,33%,83.3%,1.17,0,,,,0,,,,,,,,0,,,,,,,,,2,,,,,,0,,,,,,,12,10,5,2,1.20
4,,NTG Ferreira,71.1,40%,77.8%,1.01,2,,,,-2,,,,,,,,2,,,,,,,,,2,,,,,,0,,,,,,,10,12,3,-2,0.80
4,,NTG Furtive,83.8,62%,55.6%,0.98,3,,,,-1,,,,,,,,1,,,,,,,,,1,,,,,,1,,,,,,,13,14,5,-1,0.90
4,,NTG ᴮᵉˢᴴᴱ,27.8,20%,61.1%,0.45,1,,,,-1,,,,,,,,0,,,,,,,,,0,,,,,,0,,,,,,,5,14,4,-9,0.40
4,"Team 2
5
4
1",,,,,,,,,,,,,,,,,,,,,,,,,,,,,,,,,,,,,,,,,,,,
4,,ISSA,104.6,45%,77.8%,1.54,1,,,,0,,,,,,,,1,,,,,,,,,0,,,,,,1,,,,,,,20,14,3,6,1.40
4,,𝙖𝙩𝙤𝙢𝙙𝙮𝙦,100.7,38%,66.7%,1.26,3,,,,3,,,,,,,,3,,,,,,,,,0,,,,,,2,,,,,,,16,14,5,2,1.10
4,,Tupirani,61.4,58%,61.1%,0.88,3,,,,-1,,,,,,,,1,,,,,,,,,0,,,,,,0,,,,,,,12,14,1,-2,0.90
4,,Jhonzin O Mago,75.7,29%,61.1%,0.68,4,,,,0,,,,,,,,1,,,,,,,,,0,,,,,,0,,,,,,,7,15,5,-8,0.50
4,,Gin de 10,21.1,100%,22.2%,0.32,2,,,,2,,,,,,,,0,,,,,,,,,0,,,,,,0,,,,,,,3,4,1,-1,0.80
5,,UTILITY,,,,,,,,,,,FIRST KILL,,,,,,,,,,,TRADES,,,,,,,,,,,1VX,,,,,,MULTIKILLS,,,,
5,,,ADR,HS%,KAST,Rating,EF,,,,FKD,,,,,,,,K,,,,,,,,,1vX,,,,,,3k+,,,,,,,K,D,A,+/-,K/D
5,"Team 1
4
1
3",,,,,,,,,,,,,,,,,,,,,,,,,,,,,,,,,,,,,,,,,,,,
5,,bat9,115.8,44%,64.7%,1.40,1,,,,0,,,,,,,,4,,,,,,,,,1,,,,,,3,,,,,,,18,14,2,4,1.30
5,,FLaMiNGo,60.8,67%,64.7%,0.68,0,,,,1,,,,,,,,2,,,,,,,,,0,,,,,,0,,,,,,,9,17,4,-8,0.50
5,,𝙖𝙩𝙤𝙢𝙙𝙮𝙦,46.2,33%,58.8%,0.61,6,,,,0,,,,,,,,4,,,,,,,,,0,,,,,,0,,,,,,,9,16,2,-7,0.60
5,,Donocic,43.6,17%,47.1%,0.40,0,,,,-4,,,,,,,,1,,,,,,,,,0,,,,,,0,,,,,,,6,15,3,-9,0.40
5,,ISSA,40.1,100%,52.9%,0.25,1,,,,-2,,,,,,,,0,,,,,,,,,0,,,,,,0,,,,,,,2,15,6,-13,0.10
5,"Team 2
13
9
4",,,,,,,,,,,,,,,,,,,,,,,,,,,,,,,,,,,,,,,,,,,,
5,,Yoru 모모,130.4,35%,88.2%,1.99,1,,,,2,,,,,,,,2,,,,,,,,,0,,,,,,1,,,,,,,20,6,5,14,3.30
5,,Facu Moni,83.4,50%,82.4%,1.46,8,,,,1,,,,,,,,1,,,,,,,,,0,,,,,,1,,,,,,,16,10,4,6,1.60
5,,Tyler-.,68.6,33%,76.5%,1.38,6,,,,1,,,,,,,,3,,,,,,,,,0,,,,,,1,,,,,,,15,8,4,7,1.90
5,,NekNek,90.9,46%,82.4%,1.34,5,,,,1,,,,,,,,0,,,,,,,,,0,,,,,,1,,,,,,,13,10,5,3,1.30
5,,ariele,89.4,18%,82.4%,1.24,21,,,,0,,,,,,,,0,,,,,,,,,1,,,,,,0,,,,,,,11,10,7,1,1.10
6,,UTILITY,,,,,,,,,,,FIRST KILL,,,,,,,,,,,TRADES,,,,,,,,,,,1VX,,,,,,MULTIKILLS,,,,
6,,,ADR,HS%,KAST,Rating,EF,,,,FKD,,,,,,,,K,,,,,,,,,1vX,,,,,,3k+,,,,,,,K,D,A,+/-,K/D
6,"Team 1
13
4
9",,,,,,,,,,,,,,,,,,,,,,,,,,,,,,,,,,,,,,,,,,,,
6,,ToxicGhostt,134.1,64%,87.5%,2.14,11,,,,4,,,,,,,,1,,,,,,,,,1,,,,,,3,,,,,,,22,6,2,16,3.70
6,,Hashlover,107.7,53%,75%,1.51,3,,,,0,,,,,,,,1,,,,,,,,,0,,,,,,2,,,,,,,17,12,4,5,1.40
6,,*el.Dino_,95.3,33%,75%,1.43,6,,,,3,,,,,,,,1,,,,,,,,,0,,,,,,1,,,,,,,15,10,5,5,1.50
6,,Goloski,51.3,67%,68.8%,1.00,9,,,,-1,,,,,,,,3,,,,,,,,,2,,,,,,1,,,,,,,9,7,2,2,1.30
6,,Taños,46.2,43%,68.8%,0.81,3,,,,0,,,,,,,,1,,,,,,,,,0,,,,,,1,,,,,,,7,9,3,-2,0.80
6,"Team 2
3
3
0",,,,,,,,,,,,,,,,,,,,,,,,,,,,,,,,,,,,,,,,,,,,
6,,FLaMiNGo,82.6,43%,68.8%,1.17,2,,,,2,,,,,,,,1,,,,,,,,,1,,,,,,2,,,,,,,14,13,2,1,1.10
6,,𝙖𝙩𝙤𝙢𝙙𝙮𝙦,63.7,50%,56.3%,0.65,0,,,,-2,,,,,,,,2,,,,,,,,,0,,,,,,0,,,,,,,8,15,5,-7,0.50
6,,bat9,61.1,71%,50%,0.52,0,,,,-3,,,,,,,,0,,,,,,,,,0,,,,,,0,,,,,,,7,15,3,-8,0.50
6,,ISSA,28.9,0%,50%,0.29,1,,,,-2,,,,,,,,1,,,,,,,,,0,,,,,,0,,,,,,,4,14,3,-10,0.30
6,,Donocic,36.7,40%,37.5%,0.23,0,,,,-1,,,,,,,,0,,,,,,,,,0,,,,,,1,,,,,,,5,16,6,-11,0.30
7,,UTILITY,,,,,,,,,,,FIRST KILL,,,,,,,,,,,TRADES,,,,,,,,,,,1VX,,,,,,MULTIKILLS,,,,
7,,,ADR,HS%,KAST,Rating,EF,,,,FKD,,,,,,,,K,,,,,,,,,1vX,,,,,,3k+,,,,,,,K,D,A,+/-,K/D
7,"Team 1
10
7
3",,,,,,,,,,,,,,,,,,,,,,,,,,,,,,,,,,,,,,,,,,,,
7,,bat9,117.2,46%,73.9%,1.66,8,,,,2,,,,,,,,2,,,,,,,,,2,,,,,,2,,,,,,,28,17,4,11,1.60
7,,FLaMiNGo,92.8,35%,78.3%,1.45,2,,,,1,,,,,,,,2,,,,,,,,,2,,,,,,2,,,,,,,23,16,5,7,1.40
7,,𝙖𝙩𝙤𝙢𝙙𝙮𝙦,73.6,36%,78.3%,1.00,4,,,,1,,,,,,,,2,,,,,,,,,0,,,,,,1,,,,,,,14,18,3,-4,0.80
7,,ISSA,55.5,30%,47.8%,0.52,2,,,,-1,,,,,,,,1,,,,,,,,,0,,,,,,0,,,,,,,10,20,4,-10,0.50
7,,Donocic,27.9,50%,39.1%,0.01,0,,,,-6,,,,,,,,0,,,,,,,,,0,,,,,,0,,,,,,,2,23,6,-21,0.10
7,"Team 2
13
9
4",,,,,,,,,,,,,,,,,,,,,,,,,,,,,,,,,,,,,,,,,,,,
7,,Tato,167.7,43%,82.6%,2.43,7,,,,3,,,,,,,,6,,,,,,,,,0,,,,,,8,,,,,,,40,13,3,27,3.10
7,,"""La Pesadilla""",74.3,28%,78.3%,1.31,6,,,,2,,,,,,,,4,,,,,,,,,0,,,,,,2,,,,,,,18,11,3,7,1.60
7,,Patatota Suprema,81.9,67%,73.9%,1.04,6,,,,1,,,,,,,,2,,,,,,,,,0,,,,,,1,,,,,,,15,18,6,-3,0.80
7,,luk,51,58%,60.9%,0.73,6,,,,0,,,,,,,,1,,,,,,,,,0,,,,,,1,,,,,,,12,18,6,-6,0.70
7,,TRABUCO DE PALERMO,48.5,56%,47.8%,0.47,3,,,,-3,,,,,,,,0,,,,,,,,,1,,,,,,2,,,,,,,9,20,6,-11,0.50
8,,UTILITY,,,,,,,,,,,FIRST KILL,,,,,,,,,,,TRADES,,,,,,,,,,,1VX,,,,,,MULTIKILLS,,,,
8,,,ADR,HS%,KAST,Rating,EF,,,,FKD,,,,,,,,K,,,,,,,,,1vX,,,,,,3k+,,,,,,,K,D,A,+/-,K/D
8,"Team 1
5
1
4",,,,,,,,,,,,,,,,,,,,,,,,,,,,,,,,,,,,,,,,,,,,
8,,bat9,122.3,50%,83.3%,1.58,10,,,,-2,,,,,,,,3,,,,,,,,,1,,,,,,3,,,,,,,18,14,10,4,1.30
8,,FLaMiNGo,73.1,55%,72.2%,0.97,6,,,,0,,,,,,,,3,,,,,,,,,0,,,,,,1,,,,,,,11,14,5,-3,0.80
8,,ISSA,48.1,22%,66.7%,0.74,5,,,,-1,,,,,,,,3,,,,,,,,,0,,,,,,0,,,,,,,9,14,3,-5,0.60
8,,KellermaN GF,52.2,30%,72.2%,0.73,0,,,,-2,,,,,,,,3,,,,,,,,,0,,,,,,0,,,,,,,10,18,3,-8,0.60
8,,𝙖𝙩𝙤𝙢𝙙𝙮𝙦,49.9,18%,50%,0.63,5,,,,-3,,,,,,,,4,,,,,,,,,0,,,,,,1,,,,,,,11,17,2,-6,0.60
8,"Team 2
13
8
5",,,,,,,,,,,,,,,,,,,,,,,,,,,,,,,,,,,,,,,,,,,,
8,,Ex1t✓,88.6,57%,88.9%,1.69,4,,,,2,,,,,,,,3,,,,,,,,,1,,,,,,1,,,,,,,21,11,1,10,1.90
8,,SuicidalTendencies,85,71%,83.3%,1.43,0,,,,0,,,,,,,,4,,,,,,,,,1,,,,,,3,,,,,,,17,12,4,5,1.40
8,,dognin1,81.5,40%,88.9%,1.39,0,,,,3,,,,,,,,2,,,,,,,,,2,,,,,,0,,,,,,,15,11,2,4,1.40
8,,ph,105,50%,83.3%,1.29,7,,,,2,,,,,,,,1,,,,,,,,,1,,,,,,1,,,,,,,12,12,10,0,1.00
8,,Rotiv,82.9,64%,83.3%,1.07,8,,,,1,,,,,,,,0,,,,,,,,,0,,,,,,0,,,,,,,11,15,8,-4,0.70
9,,UTILITY,,,,,,,,,,,FIRST KILL,,,,,,,,,,,TRADES,,,,,,,,,,,1VX,,,,,,MULTIKILLS,,,,
9,,,ADR,HS%,KAST,Rating,EF,,,,FKD,,,,,,,,K,,,,,,,,,1vX,,,,,,3k+,,,,,,,K,D,A,+/-,K/D
9,"Team 1
9
4
5",,,,,,,,,,,,,,,,,,,,,,,,,,,,,,,,,,,,,,,,,,,,
9,,matthew-,113.8,54%,77.3%,1.62,15,,,,5,,,,,,,,3,,,,,,,,,0,,,,,,0,,,,,,,24,14,3,10,1.70
9,,𝙖𝙩𝙤𝙢𝙙𝙮𝙦,80.4,30%,68.2%,1.22,6,,,,0,,,,,,,,3,,,,,,,,,1,,,,,,0,,,,,,,20,17,4,3,1.20
9,,kHan,68.5,42%,77.3%,0.97,6,,,,1,,,,,,,,6,,,,,,,,,0,,,,,,0,,,,,,,12,16,8,-4,0.80
9,,bat9,75.5,57%,68.2%,0.94,11,,,,2,,,,,,,,2,,,,,,,,,0,,,,,,0,,,,,,,14,18,4,-4,0.80
9,,ISSA,33.3,25%,59.1%,0.33,0,,,,-2,,,,,,,,0,,,,,,,,,0,,,,,,0,,,,,,,4,19,6,-15,0.20
9,"Team 2
13
7
6",,,,,,,,,,,,,,,,,,,,,,,,,,,,,,,,,,,,,,,,,,,,
9,,YEKINDAR,116.2,50%,86.4%,1.67,9,,,,2,,,,,,,,3,,,,,,,,,0,,,,,,3,,,,,,,24,16,9,8,1.50
9,,Gordicius Jr,90.1,55%,72.7%,1.36,6,,,,-4,,,,,,,,3,,,,,,,,,0,,,,,,3,,,,,,,20,14,5,6,1.40
9,,LosaPito-Peek 72Hz,78,60%,77.3%,1.13,15,,,,-3,,,,,,,,3,,,,,,,,,1,,,,,,1,,,,,,,15,15,4,0,1.00
9,,bob esponja,60.1,31%,81.8%,1.06,17,,,,-1,,,,,,,,2,,,,,,,,,0,,,,,,0,,,,,,,13,14,6,-1,0.90
9,,jefferdasilva7,58.6,27%,72.7%,0.88,9,,,,0,,,,,,,,1,,,,,,,,,1,,,,,,0,,,,,,,11,15,6,-4,0.70
10,,UTILITY,,,,,,,,,,,FIRST KILL,,,,,,,,,,,TRADES,,,,,,,,,,,1VX,,,,,,MULTIKILLS,,,,
10,,,ADR,HS%,KAST,Rating,EF,,,,FKD,,,,,,,,K,,,,,,,,,1vX,,,,,,3k+,,,,,,,K,D,A,+/-,K/D
10,"Team 1
13
8
5",,,,,,,,,,,,,,,,,,,,,,,,,,,,,,,,,,,,,,,,,,,,
10,,Lhawk,110.8,18%,87.5%,1.75,11,,,,-1,,,,,,,,2,,,,,,,,,1,,,,,,2,,,,,,,28,15,2,13,1.90
10,,PERRI EL DEL ORTITO RIKO,78.6,24%,79.2%,1.10,9,,,,3,,,,,,,,2,,,,,,,,,0,,,,,,0,,,,,,,17,20,7,-3,0.90
10,,カズタリ,70.5,50%,66.7%,0.99,9,,,,-2,,,,,,,,3,,,,,,,,,1,,,,,,1,,,,,,,16,17,2,-1,0.90
10,,The Blind Frog,45.6,13%,58.3%,0.58,9,,,,-1,,,,,,,,2,,,,,,,,,1,,,,,,0,,,,,,,8,16,3,-8,0.50
10,,ThShelby,36.8,17%,62.5%,0.46,2,,,,-3,,,,,,,,1,,,,,,,,,0,,,,,,0,,,,,,,6,19,7,-13,0.30
10,"Team 2
11
7
4",,,,,,,,,,,,,,,,,,,,,,,,,,,,,,,,,,,,,,,,,,,,
10,,bat9,118.7,35%,79.2%,1.83,4,,,,4,,,,,,,,3,,,,,,,,,2,,,,,,4,,,,,,,31,15,4,16,2.10
10,,𝙖𝙩𝙤𝙢𝙙𝙮𝙦,82.3,50%,79.2%,1.28,9,,,,2,,,,,,,,1,,,,,,,,,1,,,,,,1,,,,,,,20,17,7,3,1.20
10,,4djes observ4dor,99.7,32%,75%,1.22,5,,,,-1,,,,,,,,1,,,,,,,,,0,,,,,,3,,,,,,,19,20,11,-1,1.00
10,,kHan,43.1,9%,58.3%,0.68,2,,,,-2,,,,,,,,2,,,,,,,,,1,,,,,,0,,,,,,,11,16,1,-5,0.70
10,,chinoo74,27.7,75%,20.8%,0.23,0,,,,1,,,,,,,,0,,,,,,,,,0,,,,,,0,,,,,,,4,10,2,-6,0.40
11,,UTILITY,,,,,,,,,,,FIRST KILL,,,,,,,,,,,TRADES,,,,,,,,,,,1VX,,,,,,MULTIKILLS,,,,
11,,,ADR,HS%,KAST,Rating,EF,,,,FKD,,,,,,,,K,,,,,,,,,1vX,,,,,,3k+,,,,,,,K,D,A,+/-,K/D
11,"Team 1
10
6
4",,,,,,,,,,,,,,,,,,,,,,,,,,,,,,,,,,,,,,,,,,,,
11,,S1asheR,123.9,64%,78.3%,1.48,4,,,,7,,,,,,,,2,,,,,,,,,1,,,,,,3,,,,,,,22,18,8,4,1.20
11,,botbotbot,79.1,56%,78.3%,1.22,4,,,,-1,,,,,,,,5,,,,,,,,,0,,,,,,0,,,,,,,18,16,5,2,1.10
11,,Masonchik,62.8,31%,82.6%,1.00,0,,,,-1,,,,,,,,3,,,,,,,,,2,,,,,,0,,,,,,,13,17,8,-4,0.80
11,,uhghkff,84.8,59%,60.9%,0.98,0,,,,1,,,,,,,,1,,,,,,,,,0,,,,,,2,,,,,,,17,20,5,-3,0.90
11,,𝙖𝙩𝙤𝙢𝙙𝙮𝙦,52.6,42%,65.2%,0.76,2,,,,-1,,,,,,,,2,,,,,,,,,0,,,,,,0,,,,,,,12,18,4,-6,0.70
11,"Team 2
13
8
5",,,,,,,,,,,,,,,,,,,,,,,,,,,,,,,,,,,,,,,,,,,,
11,,enjoyer,127,39%,82.6%,1.82,1,,,,1,,,,,,,,6,,,,,,,,,1,,,,,,4,,,,,,,28,15,7,13,1.90
11,,Tommybee,98.4,48%,69.6%,1.36,1,,,,-1,,,,,,,,4,,,,,,,,,1,,,,,,1,,,,,,,21,15,5,6,1.40
11,,PatriotCaXa,73.9,31%,69.6%,0.91,3,,,,-2,,,,,,,,1,,,,,,,,,1,,,,,,0,,,,,,,13,18,7,-5,0.70
11,,pgggggg,68.7,64%,60.9%,0.84,2,,,,-2,,,,,,,,1,,,,,,,,,0,,,,,,2,,,,,,,14,19,5,-5,0.70
11,,Midorima,48.2,42%,60.9%,0.73,0,,,,-1,,,,,,,,0,,,,,,,,,0,,,,,,1,,,,,,,12,17,2,-5,0.70
12,,UTILITY,,,,,,,,,,,FIRST KILL,,,,,,,,,,,TRADES,,,,,,,,,,,1VX,,,,,,MULTIKILLS,,,,
12,,,ADR,HS%,KAST,Rating,EF,,,,FKD,,,,,,,,K,,,,,,,,,1vX,,,,,,3k+,,,,,,,K,D,A,+/-,K/D
12,"Team 1
0
0
0",,,,,,,,,,,,,,,,,,,,,,,,,,,,,,,,,,,,,,,,,,,,
12,,ZIPPO ☾☜☯☞☽☭,56,50%,53.8%,0.54,2,,,,-2,,,,,,,,0,,,,,,,,,0,,,,,,0,,,,,,,6,13,4,-7,0.50
12,,𝙖𝙩𝙤𝙢𝙙𝙮𝙦,53.4,67%,53.8%,0.50,0,,,,0,,,,,,,,0,,,,,,,,,0,,,,,,0,,,,,,,6,13,1,-7,0.50
12,,Kolbaskin,53.2,60%,53.8%,0.45,0,,,,-1,,,,,,,,2,,,,,,,,,0,,,,,,0,,,,,,,5,13,3,-8,0.40
12,,kavoker,31.1,50%,30.8%,0.00,0,,,,-5,,,,,,,,0,,,,,,,,,0,,,,,,0,,,,,,,2,13,2,-11,0.20
12,,Вова Старжинский,20.6,0%,7.7%,-0.28,0,,,,-1,,,,,,,,1,,,,,,,,,0,,,,,,0,,,,,,,1,13,0,-12,0.10
12,"Team 2
13
12
1",,,,,,,,,,,,,,,,,,,,,,,,,,,,,,,,,,,,,,,,,,,,
12,,dewdf,124.8,35%,100%,2.25,0,,,,3,,,,,,,,1,,,,,,,,,0,,,,,,1,,,,,,,17,3,5,14,5.70
12,,？？？,107.7,36%,92.3%,1.91,0,,,,6,,,,,,,,1,,,,,,,,,0,,,,,,1,,,,,,,14,3,1,11,4.70
12,,os1de,87.9,17%,100%,1.67,15,,,,2,,,,,,,,1,,,,,,,,,0,,,,,,0,,,,,,,12,6,4,6,2.00
12,,D1mpl135,78.7,17%,84.6%,1.59,9,,,,-1,,,,,,,,4,,,,,,,,,0,,,,,,0,,,,,,,12,4,2,8,3.00
12,,911Pilot_ArZeniy,77.1,43%,100%,1.40,1,,,,-1,,,,,,,,0,,,,,,,,,0,,,,,,0,,,,,,,7,4,6,3,1.80
13,,UTILITY,,,,,,,,,,,FIRST KILL,,,,,,,,,,,TRADES,,,,,,,,,,,1VX,,,,,,MULTIKILLS,,,,
13,,,ADR,HS%,KAST,Rating,EF,,,,FKD,,,,,,,,K,,,,,,,,,1vX,,,,,,3k+,,,,,,,K,D,A,+/-,K/D
13,"Team 1
7
4
3",,,,,,,,,,,,,,,,,,,,,,,,,,,,,,,,,,,,,,,,,,,,
13,,纯小白,107.2,58%,60%,1.26,3,,,,1,,,,,,,,1,,,,,,,,,0,,,,,,3,,,,,,,19,16,3,3,1.20
13,,Yd,80.2,47%,70%,1.07,0,,,,-1,,,,,,,,3,,,,,,,,,0,,,,,,1,,,,,,,15,16,2,-1,0.90
13,,风吹忆心动,65.4,55%,75%,0.89,0,,,,0,,,,,,,,1,,,,,,,,,0,,,,,,0,,,,,,,11,16,4,-5,0.70
13,,董少真帅,52.4,22%,65%,0.70,0,,,,-2,,,,,,,,0,,,,,,,,,0,,,,,,0,,,,,,,9,16,5,-7,0.60
13,,Edamame,63.6,44%,50%,0.66,5,,,,-2,,,,,,,,2,,,,,,,,,1,,,,,,0,,,,,,,9,14,2,-5,0.60
13,"Team 2
13
9
4",,,,,,,,,,,,,,,,,,,,,,,,,,,,,,,,,,,,,,,,,,,,
13,,FAitH,129.7,63%,85%,1.78,0,,,,4,,,,,,,,3,,,,,,,,,0,,,,,,2,,,,,,,24,15,6,9,1.60
13,,广西-黎永楷,92.9,24%,80%,1.56,6,,,,2,,,,,,,,3,,,,,,,,,0,,,,,,3,,,,,,,21,12,4,9,1.80
13,,herhi,87.9,71%,70%,1.07,0,,,,1,,,,,,,,1,,,,,,,,,1,,,,,,2,,,,,,,14,16,6,-2,0.90
13,,Hi,57.5,73%,70%,0.99,1,,,,0,,,,,,,,3,,,,,,,,,0,,,,,,1,,,,,,,11,10,3,1,1.10
13,,𝙖𝙩𝙤𝙢𝙙𝙮𝙦,45.7,50%,60%,0.70,2,,,,-3,,,,,,,,0,,,,,,,,,0,,,,,,0,,,,,,,8,12,4,-4,0.70
14,,UTILITY,,,,,,,,,,,FIRST KILL,,,,,,,,,,,TRADES,,,,,,,,,,,1VX,,,,,,MULTIKILLS,,,,
14,,,ADR,HS%,KAST,Rating,EF,,,,FKD,,,,,,,,K,,,,,,,,,1vX,,,,,,3k+,,,,,,,K,D,A,+/-,K/D
14,"Team 1
10
3
7",,,,,,,,,,,,,,,,,,,,,,,,,,,,,,,,,,,,,,,,,,,,
14,,Johnny Ryu,128.7,42%,87%,1.75,7,,,,2,,,,,,,,2,,,,,,,,,0,,,,,,3,,,,,,,26,16,5,10,1.60
14,,westmelon,106.9,52%,69.6%,1.46,5,,,,1,,,,,,,,1,,,,,,,,,0,,,,,,4,,,,,,,23,15,5,8,1.50
14,,hold dy look yeah,47.3,36%,69.6%,0.96,12,,,,2,,,,,,,,3,,,,,,,,,0,,,,,,0,,,,,,,14,13,1,1,1.10
14,,dennismango,39.7,11%,65.2%,0.65,2,,,,-2,,,,,,,,2,,,,,,,,,0,,,,,,0,,,,,,,9,16,2,-7,0.60
14,,I LOVE THE TASTE OF WOMEN,47.7,22%,52.2%,0.50,1,,,,0,,,,,,,,1,,,,,,,,,0,,,,,,0,,,,,,,9,20,5,-11,0.50
14,"Team 2
13
5
8",,,,,,,,,,,,,,,,,,,,,,,,,,,,,,,,,,,,,,,,,,,,
14,,bat9,87.7,53%,65.2%,1.21,6,,,,1,,,,,,,,2,,,,,,,,,0,,,,,,1,,,,,,,19,15,3,4,1.30
14,,𝙖𝙩𝙤𝙢𝙙𝙮𝙦,82.6,24%,73.9%,1.19,3,,,,-1,,,,,,,,3,,,,,,,,,0,,,,,,1,,,,,,,17,15,5,2,1.10
14,,池中魚,85,60%,52.2%,1.00,0,,,,1,,,,,,,,3,,,,,,,,,0,,,,,,1,,,,,,,20,21,4,-1,1.00
14,,Acellarion,60.8,45%,69.6%,0.90,2,,,,-3,,,,,,,,1,,,,,,,,,2,,,,,,0,,,,,,,11,13,5,-2,0.80
14,,Дори),53.3,30%,65.2%,0.68,1,,,,-1,,,,,,,,2,,,,,,,,,2,,,,,,0,,,,,,,10,19,6,-9,0.50
15,,UTILITY,,,,,,,,,,,FIRST KILL,,,,,,,,,,,TRADES,,,,,,,,,,,1VX,,,,,,MULTIKILLS,,,,
15,,,ADR,HS%,KAST,Rating,EF,,,,FKD,,,,,,,,K,,,,,,,,,1vX,,,,,,3k+,,,,,,,K,D,A,+/-,K/D
15,"Team 1
10
4
6",,,,,,,,,,,,,,,,,,,,,,,,,,,,,,,,,,,,,,,,,,,,
15,,Lowkey,94.2,57%,73.9%,1.44,15,,,,-1,,,,,,,,3,,,,,,,,,0,,,,,,4,,,,,,,23,16,9,7,1.40
15,,gg,87.1,82%,69.6%,1.16,2,,,,2,,,,,,,,4,,,,,,,,,0,,,,,,0,,,,,,,17,15,4,2,1.10
15,,Khaleesi,79.7,11%,60.9%,1.13,5,,,,0,,,,,,,,3,,,,,,,,,0,,,,,,3,,,,,,,18,14,2,4,1.30
15,,tuan kecepatan?,61.4,50%,73.9%,0.81,3,,,,0,,,,,,,,2,,,,,,,,,0,,,,,,0,,,,,,,12,20,5,-8,0.60
15,,Player (1),64.5,60%,52.2%,0.61,31,,,,-2,,,,,,,,2,,,,,,,,,0,,,,,,0,,,,,,,10,19,4,-9,0.50
15,"Team 2
13
6
7",,,,,,,,,,,,,,,,,,,,,,,,,,,,,,,,,,,,,,,,,,,,
15,,cCeaRR,104.7,60%,82.6%,1.80,24,,,,3,,,,,,,,5,,,,,,,,,0,,,,,,5,,,,,,,30,15,3,15,2.00
15,,bat9,99.7,55%,73.9%,1.38,5,,,,2,,,,,,,,0,,,,,,,,,1,,,,,,2,,,,,,,20,14,5,6,1.40
15,,꧁༺乡 SC∆R 乡 ༻꧂,82.5,62%,78.3%,1.06,2,,,,0,,,,,,,,0,,,,,,,,,2,,,,,,0,,,,,,,13,16,8,-3,0.80
15,,i miss all my shots,62.3,22%,69.6%,0.71,1,,,,-2,,,,,,,,1,,,,,,,,,0,,,,,,0,,,,,,,9,19,9,-10,0.50
15,,𝙖𝙩𝙤𝙢𝙙𝙮𝙦,42.1,50%,60.9%,0.68,4,,,,-2,,,,,,,,0,,,,,,,,,1,,,,,,1,,,,,,,10,16,6,-6,0.60
16,,UTILITY,,,,,,,,,,,FIRST KILL,,,,,,,,,,,TRADES,,,,,,,,,,,1VX,,,,,,MULTIKILLS,,,,
16,,,ADR,HS%,KAST,Rating,EF,,,,FKD,,,,,,,,K,,,,,,,,,1vX,,,,,,3k+,,,,,,,K,D,A,+/-,K/D
16,"Team 1
13
6
7",,,,,,,,,,,,,,,,,,,,,,,,,,,,,,,,,,,,,,,,,,,,
16,,999999999,158.3,48%,83.3%,2.33,12,,,,3,,,,,,,,3,,,,,,,,,1,,,,,,6,,,,,,,40,14,4,26,2.90
16,,𝙖𝙩𝙤𝙢𝙙𝙮𝙦,62.4,20%,66.7%,0.94,1,,,,-3,,,,,,,,2,,,,,,,,,1,,,,,,1,,,,,,,15,17,5,-2,0.90
16,,Uchiha Shisui,62.9,38%,58.3%,0.78,3,,,,-3,,,,,,,,4,,,,,,,,,1,,,,,,1,,,,,,,13,18,4,-5,0.70
16,,bat9,60.6,56%,58.3%,0.59,8,,,,-2,,,,,,,,1,,,,,,,,,0,,,,,,0,,,,,,,9,20,6,-11,0.50
16,,Fans001,41.7,17%,50%,0.34,0,,,,-5,,,,,,,,0,,,,,,,,,0,,,,,,0,,,,,,,6,21,6,-15,0.30
16,"Team 2
11
5
6",,,,,,,,,,,,,,,,,,,,,,,,,,,,,,,,,,,,,,,,,,,,
16,,V,99.9,91%,79.2%,1.44,0,,,,0,,,,,,,,1,,,,,,,,,1,,,,,,2,,,,,,,22,16,9,6,1.40
16,,ChildSuppport.,85.8,60%,70.8%,1.30,10,,,,3,,,,,,,,3,,,,,,,,,1,,,,,,2,,,,,,,20,14,8,6,1.40
16,,uwuhim,92,71%,58.3%,1.16,11,,,,1,,,,,,,,3,,,,,,,,,0,,,,,,0,,,,,,,21,18,3,3,1.20
16,,super66,76.8,21%,58.3%,0.87,5,,,,4,,,,,,,,1,,,,,,,,,0,,,,,,0,,,,,,,14,18,6,-4,0.80
16,,no skin bottom frag chill guy,53.2,42%,62.5%,0.73,1,,,,2,,,,,,,,1,,,,,,,,,0,,,,,,1,,,,,,,12,18,1,-6,0.70
17,,UTILITY,,,,,,,,,,,FIRST KILL,,,,,,,,,,,TRADES,,,,,,,,,,,1VX,,,,,,MULTIKILLS,,,,
17,,,ADR,HS%,KAST,Rating,EF,,,,FKD,,,,,,,,K,,,,,,,,,1vX,,,,,,3k+,,,,,,,K,D,A,+/-,K/D
17,"Team 1
8
2
6",,,,,,,,,,,,,,,,,,,,,,,,,,,,,,,,,,,,,,,,,,,,
17,,The number,74.3,50%,81%,1.12,5,,,,4,,,,,,,,2,,,,,,,,,0,,,,,,0,,,,,,,14,15,6,-1,0.90
17,,𝙖𝙩𝙤𝙢𝙙𝙮𝙦,84.9,20%,71.4%,1.04,9,,,,-1,,,,,,,,4,,,,,,,,,1,,,,,,0,,,,,,,15,18,3,-3,0.80
17,,Vegeta with the Henny,77.4,69%,81%,1.04,1,,,,-3,,,,,,,,3,,,,,,,,,1,,,,,,0,,,,,,,13,17,5,-4,0.80
17,,chez,47.8,29%,52.4%,0.48,2,,,,-7,,,,,,,,0,,,,,,,,,0,,,,,,0,,,,,,,7,17,4,-10,0.40
17,,TradCath4Life,24.5,29%,42.9%,0.29,1,,,,-2,,,,,,,,3,,,,,,,,,0,,,,,,0,,,,,,,7,18,0,-11,0.40
17,"Team 2
13
6
7",,,,,,,,,,,,,,,,,,,,,,,,,,,,,,,,,,,,,,,,,,,,
17,,dodo's delight,151.2,55%,90.5%,2.27,12,,,,1,,,,,,,,7,,,,,,,,,2,,,,,,6,,,,,,,33,13,4,20,2.50
17,,CheetoRat73,120,50%,90.5%,1.62,4,,,,5,,,,,,,,1,,,,,,,,,1,,,,,,3,,,,,,,22,17,7,5,1.30
17,,geneoh.salami,79.7,27%,76.2%,1.21,7,,,,3,,,,,,,,2,,,,,,,,,0,,,,,,0,,,,,,,15,12,3,3,1.30
17,,DrFishTacos,47.6,40%,61.9%,0.73,14,,,,0,,,,,,,,2,,,,,,,,,1,,,,,,0,,,,,,,10,15,5,-5,0.70
17,,BIG PANDA,7.4,100%,4.8%,0.12,0,,,,0,,,,,,,,0,,,,,,,,,0,,,,,,0,,,,,,,1,2,2,-1,0.50
18,,UTILITY,,,,,,,,,,,FIRST KILL,,,,,,,,,,,TRADES,,,,,,,,,,,1VX,,,,,,MULTIKILLS,,,,
18,,,ADR,HS%,KAST,Rating,EF,,,,FKD,,,,,,,,K,,,,,,,,,1vX,,,,,,3k+,,,,,,,K,D,A,+/-,K/D
18,"Team 1
6
2
4",,,,,,,,,,,,,,,,,,,,,,,,,,,,,,,,,,,,,,,,,,,,
18,,Crucii,76,33%,57.9%,0.98,0,,,,0,,,,,,,,2,,,,,,,,,0,,,,,,1,,,,,,,15,16,2,-1,0.90
18,,dodo's delight,60.3,50%,52.6%,0.60,2,,,,-3,,,,,,,,2,,,,,,,,,1,,,,,,0,,,,,,,8,15,3,-7,0.50
18,,DrFishTacos,63.5,38%,52.6%,0.60,3,,,,-2,,,,,,,,2,,,,,,,,,0,,,,,,1,,,,,,,8,16,6,-8,0.50
18,,Rickster,43.2,100%,57.9%,0.39,1,,,,-2,,,,,,,,2,,,,,,,,,0,,,,,,0,,,,,,,5,17,3,-12,0.30
18,,𝙖𝙩𝙤𝙢𝙙𝙮𝙦,24.9,50%,42.1%,0.25,4,,,,2,,,,,,,,1,,,,,,,,,1,,,,,,0,,,,,,,6,17,0,-11,0.40
18,"Team 2
13
8
5",,,,,,,,,,,,,,,,,,,,,,,,,,,,,,,,,,,,,,,,,,,,
18,,r.,111.4,35%,84.2%,1.90,1,,,,4,,,,,,,,1,,,,,,,,,1,,,,,,3,,,,,,,23,8,6,15,2.90
18,,k1LL3R (Einherjer),106.9,45%,84.2%,1.81,5,,,,-1,,,,,,,,2,,,,,,,,,0,,,,,,0,,,,,,,22,9,6,13,2.40
18,,zeebz,128.5,35%,78.9%,1.70,1,,,,1,,,,,,,,1,,,,,,,,,0,,,,,,0,,,,,,,20,11,8,9,1.80
18,,s1mplle ☻♫♠`○○•,79.3,64%,78.9%,1.31,2,,,,1,,,,,,,,1,,,,,,,,,0,,,,,,1,,,,,,,14,9,5,5,1.60
18,,pekpek muncher,18.4,50%,15.8%,0.19,0,,,,0,,,,,,,,0,,,,,,,,,0,,,,,,0,,,,,,,2,5,1,-3,0.40
19,,UTILITY,,,,,,,,,,,FIRST KILL,,,,,,,,,,,TRADES,,,,,,,,,,,1VX,,,,,,MULTIKILLS,,,,
19,,,ADR,HS%,KAST,Rating,EF,,,,FKD,,,,,,,,K,,,,,,,,,1vX,,,,,,3k+,,,,,,,K,D,A,+/-,K/D
19,"Team 1
12
7
5",,,,,,,,,,,,,,,,,,,,,,,,,,,,,,,,,,,,,,,,,,,,
19,,Synestorm,87.7,45%,79.2%,1.39,1,,,,1,,,,,,,,3,,,,,,,,,0,,,,,,2,,,,,,,22,16,5,6,1.40
19,,Undeh,110.6,55%,70.8%,1.38,4,,,,1,,,,,,,,0,,,,,,,,,1,,,,,,2,,,,,,,22,18,10,4,1.20
19,,jeremy,89,70%,70.8%,1.27,7,,,,-1,,,,,,,,4,,,,,,,,,1,,,,,,2,,,,,,,20,16,7,4,1.30
19,,your mom's mom,79.2,44%,79.2%,1.08,4,,,,2,,,,,,,,1,,,,,,,,,0,,,,,,0,,,,,,,16,19,6,-3,0.80
19,,Bad Username,38.9,29%,58.3%,0.54,8,,,,-1,,,,,,,,2,,,,,,,,,0,,,,,,0,,,,,,,7,16,6,-9,0.40
19,"Team 2
12
7
5",,,,,,,,,,,,,,,,,,,,,,,,,,,,,,,,,,,,,,,,,,,,
19,,Czichi,98.3,14%,83.3%,1.45,2,,,,2,,,,,,,,5,,,,,,,,,2,,,,,,1,,,,,,,22,16,5,6,1.40
19,,Dubu,98,45%,79.2%,1.43,6,,,,2,,,,,,,,4,,,,,,,,,1,,,,,,3,,,,,,,22,15,3,7,1.50
19,,Some Good Salt,65.7,38%,79.2%,0.96,5,,,,0,,,,,,,,4,,,,,,,,,0,,,,,,1,,,,,,,13,18,7,-5,0.70
19,,𝙖𝙩𝙤𝙢𝙙𝙮𝙦,56.7,27%,66.7%,0.87,4,,,,-1,,,,,,,,5,,,,,,,,,1,,,,,,1,,,,,,,15,19,3,-4,0.80
19,,Raw-C,66.5,38%,54.2%,0.72,4,,,,-5,,,,,,,,1,,,,,,,,,0,,,,,,0,,,,,,,13,20,5,-7,0.70
20,,UTILITY,,,,,,,,,,,FIRST KILL,,,,,,,,,,,TRADES,,,,,,,,,,,1VX,,,,,,MULTIKILLS,,,,
20,,,ADR,HS%,KAST,Rating,EF,,,,FKD,,,,,,,,K,,,,,,,,,1vX,,,,,,3k+,,,,,,,K,D,A,+/-,K/D
20,"Team 1
7
3
4",,,,,,,,,,,,,,,,,,,,,,,,,,,,,,,,,,,,,,,,,,,,
20,,WVY,87.2,20%,70%,1.37,0,,,,-1,,,,,,,,2,,,,,,,,,1,,,,,,1,,,,,,,20,14,4,6,1.40
20,,𝘾oncentrated Mom Hate Crime,92.7,56%,70%,1.30,3,,,,-1,,,,,,,,1,,,,,,,,,0,,,,,,1,,,,,,,18,14,3,4,1.30
20,,ctrl.saltez,70.5,27%,45%,0.66,0,,,,-3,,,,,,,,1,,,,,,,,,0,,,,,,1,,,,,,,11,17,3,-6,0.60
20,,aGenTx44,54.5,29%,60%,0.61,0,,,,-1,,,,,,,,4,,,,,,,,,0,,,,,,0,,,,,,,7,15,5,-8,0.50
20,,feces.,47.5,38%,55%,0.55,10,,,,0,,,,,,,,0,,,,,,,,,0,,,,,,0,,,,,,,8,16,2,-8,0.50
20,"Team 2
13
8
5",,,,,,,,,,,,,,,,,,,,,,,,,,,,,,,,,,,,,,,,,,,,
20,,ʎɥʇl⇂ɟ,147.7,23%,90%,2.07,9,,,,1,,,,,,,,1,,,,,,,,,1,,,,,,3,,,,,,,26,11,7,15,2.40
20,,Turtwig Soup,101.1,57%,70%,1.37,1,,,,-1,,,,,,,,2,,,,,,,,,1,,,,,,2,,,,,,,21,17,3,4,1.20
20,,Steezy,62.7,40%,65%,1.09,5,,,,5,,,,,,,,4,,,,,,,,,0,,,,,,2,,,,,,,15,12,3,3,1.30
20,,𝙖𝙩𝙤𝙢𝙙𝙮𝙦,80.2,40%,75%,0.99,5,,,,1,,,,,,,,0,,,,,,,,,0,,,,,,0,,,,,,,10,13,6,-3,0.80
20,,Georgia Ellery's #1 Fan,15.9,0%,60%,0.32,3,,,,0,,,,,,,,0,,,,,,,,,0,,,,,,0,,,,,,,3,14,2,-11,0.20
21,,UTILITY,,,,,,,,,,,FIRST KILL,,,,,,,,,,,TRADES,,,,,,,,,,,1VX,,,,,,MULTIKILLS,,,,
21,,,ADR,HS%,KAST,Rating,EF,,,,FKD,,,,,,,,K,,,,,,,,,1vX,,,,,,3k+,,,,,,,K,D,A,+/-,K/D
21,"Team 1
13
5
8",,,,,,,,,,,,,,,,,,,,,,,,,,,,,,,,,,,,,,,,,,,,
21,,Browave,125.1,52%,88.2%,1.91,5,,,,3,,,,,,,,4,,,,,,,,,0,,,,,,4,,,,,,,21,10,6,11,2.10
21,,HumbertoTacos,99.6,22%,82.4%,1.70,2,,,,3,,,,,,,,2,,,,,,,,,0,,,,,,2,,,,,,,18,7,3,11,2.60
21,,Covid69,83.5,29%,76.5%,1.53,0,,,,2,,,,,,,,2,,,,,,,,,0,,,,,,3,,,,,,,17,8,3,9,2.10
21,,Brando,76.6,25%,76.5%,1.24,0,,,,1,,,,,,,,0,,,,,,,,,0,,,,,,1,,,,,,,12,9,7,3,1.30
21,,Rickled,48.5,80%,64.7%,0.58,5,,,,-2,,,,,,,,0,,,,,,,,,0,,,,,,0,,,,,,,5,13,6,-8,0.40
21,"Team 2
4
4
0",,,,,,,,,,,,,,,,,,,,,,,,,,,,,,,,,,,,,,,,,,,,
21,,Gilbert,83.5,40%,52.9%,0.78,6,,,,-2,,,,,,,,1,,,,,,,,,0,,,,,,1,,,,,,,10,15,4,-5,0.70
21,,Kopu,55.6,40%,52.9%,0.74,1,,,,-2,,,,,,,,2,,,,,,,,,1,,,,,,0,,,,,,,10,13,1,-3,0.80
21,,Throbbin' Williams,64.9,38%,58.8%,0.67,1,,,,-2,,,,,,,,2,,,,,,,,,1,,,,,,0,,,,,,,8,15,5,-7,0.50
21,,𝙖𝙩𝙤𝙢𝙙𝙮𝙦,67.6,29%,58.8%,0.59,2,,,,0,,,,,,,,1,,,,,,,,,0,,,,,,0,,,,,,,7,16,3,-9,0.40
21,,Baked Homer,54.2,11%,47.1%,0.58,0,,,,-1,,,,,,,,0,,,,,,,,,0,,,,,,0,,,,,,,9,15,1,-6,0.60
